source,target
"Acai, A","Allen, M"
"Akesson, B","Allen, M"
"Allen, M","Chen, V"
"Allen, M","Mathany, C"
"Allen, M","McCollum, B"
"Allen, M","Spencer, J"
"Allen, M","Verwoord, R"
"Acton, D","Berg, C"
"Acton, D","Voll, K"
"Acton, D","Wolfman, S"
"Acton, D","Yu, B"
"Voll, K","Wolfman, S"
"Voll, K","Yu, B"
"Wolfman, S","Yu, B"
"Adams, W","Gilley, B"
"Algar, W","Elouazizi, N"
"Algar, W","Stewart, J"
"Algar, W","Maxwell, E"
"Algar, W","Tan, T"
"Algar, W","Zhang, Z"
"Algar, W","Stoodley, R"
"Algar, W","Rodriguez Nunez, J"
"Algar, W","Terpstra, A"
"Algar, W","Wickenden, J"
"Elouazizi, N","Stewart, J"
"Elouazizi, N","Maxwell, E"
"Elouazizi, N","Tan, T"
"Elouazizi, N","Zhang, Z"
"Elouazizi, N","Stoodley, R"
"Elouazizi, N","Rodriguez Nunez, J"
"Elouazizi, N","Terpstra, A"
"Elouazizi, N","Wickenden, J"
"Stewart, J","Maxwell, E"
"Stewart, J","Tan, T"
"Stewart, J","Zhang, Z"
"Stewart, J","Stoodley, R"
"Stewart, J","Rodriguez Nunez, J"
"Stewart, J","Terpstra, A"
"Stewart, J","Wickenden, J"
"Maxwell, E","Tan, T"
"Maxwell, E","Zhang, Z"
"Maxwell, E","Stoodley, R"
"Maxwell, E","Rodriguez Nunez, J"
"Maxwell, E","Terpstra, A"
"Maxwell, E","Wickenden, J"
"Tan, T","Stoodley, R"
"Tan, T","Rodriguez Nunez, J"
"Tan, T","Wickenden, J"
"Zhang, Z","Stoodley, R"
"Zhang, Z","Rodriguez Nunez, J"
"Zhang, Z","Wickenden, J"
"Stoodley, R","Rodriguez Nunez, J"
"Stoodley, R","Terpstra, A"
"Stoodley, R","Wickenden, J"
"Rodriguez Nunez, J","Terpstra, A"
"Rodriguez Nunez, J","Wickenden, J"
"Terpstra, A","Wickenden, J"
"Algar, W","Krull, U"
"Algar, W","Massey, M"
"Algar, W","Krull, U"
"Allen, M","Berg, C"
"Allen, M","Dawson, J"
"Allen, M","Leveridge, N"
"Berg, C","Dawson, J"
"Dawson, J","Leveridge, N"
"Allen, M","Wolfman, S"
"Allen, M","Dawson, J"
"Allen, M","Valair, A"
"Wolfman, S","Dawson, J"
"Wolfman, S","Valair, A"
"Dawson, J","Valair, A"
"Almstrum, V","Heeren, C"
"Almstrum, V","Tew, A"
"Henderson, P","Heeren, C"
"Henderson, P","Tew, A"
"Harvey, V","Heeren, C"
"Harvey, V","Tew, A"
"Heeren, C","Marion, W"
"Heeren, C","Riedesel, C"
"Heeren, C","Soh, L"
"Heeren, C","Tew, A"
"Marion, W","Tew, A"
"Riedesel, C","Tew, A"
"Soh, L","Tew, A"
"Amershi, S","Carenini, G"
"Amershi, S","Conati, C"
"Amershi, S","Poole, D"
"Carenini, G","Conati, C"
"Carenini, G","Mackworth, A"
"Carenini, G","Poole, D"
"Conati, C","Mackworth, A"
"Conati, C","Poole, D"
"Mackworth, A","Poole, D"
"Amershi, S","Conati, C"
"Anderson, R","Wolfman, S"
"VanDeGrift, T","Wolfman, S"
"Wolfman, S","Yasuhara, K"
"Wolfman, S","Anderson, R"
"Antimirova, T","Milner-Bolotin, M"
"Goldman, P","Milner-Bolotin, M"
"Lasry, N","Milner-Bolotin, M"
"Milner-Bolotin, M","Thompson, R"
"Arakawa, K","Wolfman, S"
"Hao, Q","Wolfman, S"
"Deneke, W","Wolfman, S"
"Cowan, I","Wolfman, S"
"Wolfman, S","Peterson, A"
"Archer, R","Bates, S"
"Aspuru-Guzik, A","Borduas-Dedekind, N"
"Baik, M","Borduas-Dedekind, N"
"Balasubramanian, S","Borduas-Dedekind, N"
"Banerjee, R","Borduas-Dedekind, N"
"Bart, S","Borduas-Dedekind, N"
"Borduas-Dedekind, N","Chang, S"
"Borduas-Dedekind, N","Chen, P"
"Borduas-Dedekind, N","Corminboeuf, C"
"Borduas-Dedekind, N","Coudert, F"
"Borduas-Dedekind, N","Cronin, L"
"Borduas-Dedekind, N","Crudden, C"
"Borduas-Dedekind, N","Cuk, T"
"Borduas-Dedekind, N","Doyle, A"
"Borduas-Dedekind, N","Fan, C"
"Borduas-Dedekind, N","Feng, X"
"Borduas-Dedekind, N","Freedman, D"
"Borduas-Dedekind, N","Furukawa, S"
"Borduas-Dedekind, N","Ghosh, S"
"Borduas-Dedekind, N","Glorius, F"
"Borduas-Dedekind, N","Jeffries-EL, M"
"Borduas-Dedekind, N","Katsonis, N"
"Borduas-Dedekind, N","Li, A"
"Borduas-Dedekind, N","Linse, S"
"Borduas-Dedekind, N","Marchesan, S"
"Borduas-Dedekind, N","Maulide, N"
"Borduas-Dedekind, N","Milo, A"
"Borduas-Dedekind, N","Narayan, A"
"Borduas-Dedekind, N","Naumov, P"
"Borduas-Dedekind, N","Nevado, C"
"Borduas-Dedekind, N","Nyokong, T"
"Borduas-Dedekind, N","Palacin, R"
"Borduas-Dedekind, N","Reid, M"
"Borduas-Dedekind, N","Robinson, C"
"Borduas-Dedekind, N","Robinson, G"
"Borduas-Dedekind, N","Sarpong, R"
"Borduas-Dedekind, N","Schindler, C"
"Borduas-Dedekind, N","Schlau-Cohen, G"
"Borduas-Dedekind, N","Schmidt, T"
"Borduas-Dedekind, N","Sessoli, R"
"Borduas-Dedekind, N","Shao-Horn, Y"
"Borduas-Dedekind, N","Sleiman, H"
"Borduas-Dedekind, N","Sutherland, J"
"Borduas-Dedekind, N","Taylor, A"
"Borduas-Dedekind, N","Tezcan, A"
"Borduas-Dedekind, N","Tortosa, M"
"Borduas-Dedekind, N","Walsh, A"
"Borduas-Dedekind, N","Watson, A"
"Borduas-Dedekind, N","Weckhuysen, B"
"Borduas-Dedekind, N","Weiss, E"
"Borduas-Dedekind, N","Wilson, D"
"Borduas-Dedekind, N","Yam, V"
"Borduas-Dedekind, N","Yang, X"
"Borduas-Dedekind, N","Ying, J"
"Borduas-Dedekind, N","Yoon, T"
"Borduas-Dedekind, N","You, S"
"Borduas-Dedekind, N","Zarbin, A"
"Borduas-Dedekind, N","Zhang, H"
"Agar, B","Birol, G"
"Birol, G","Cinar, A"
"Baldwin, D","Heeren, C"
"Marion, B","Heeren, C"
"Sitaraman, M","Heeren, C"
"Baniassad, E","Beschastnikh, I"
"Baniassad, E","Holmes, R"
"Baniassad, E","Kiczales, G"
"Baniassad, E","Allen, M"
"Beschastnikh, I","Holmes, R"
"Beschastnikh, I","Kiczales, G"
"Beschastnikh, I","Allen, M"
"Holmes, R","Kiczales, G"
"Holmes, R","Allen, M"
"Kiczales, G","Allen, M"
"Baniassad, E","Campbell, A"
"Baniassad, E","Allidina, T"
"Baniassad, E","Ord, A"
"Baniassad, E","Clements, P"
"Baniassad, E","Araujo, J"
"Baniassad, E","Moreira, A"
"Baniassad, E","Rashid, A"
"Baniassad, E","Tekinerdogan, B"
"Baniassad, E","Summers, A"
"Baniassad, E","Zamprogno, L"
"Baniassad, E","Hall, B"
"Baniassad, E","Holmes, R"
"Zamprogno, L","Holmes, R"
"Hall, B","Holmes, R"
"Barba, L","Heagy, L"
"Barker, L","Heagy, L"
"Blank, D","Heagy, L"
"Brown, J","Heagy, L"
"Downey, A","Heagy, L"
"George, T","Heagy, L"
"Heagy, L","Mandli, K"
"Heagy, L","Moore, J"
"Heagy, L","Lippert, D"
"Heagy, L","Niemeyer, K"
"Heagy, L","Watkins, R"
"Heagy, L","West, R"
"Heagy, L","Willing, C"
"Heagy, L","Zingale, M"
"Barker, M","Jandciu, E"
"Barker, M","Young, R"
"Jandciu, E","Young, R"
"Barker, M","Jandciu, E"
"Barker, M","Young, R"
"Barker, M","Barker, M"
"Barker, M","Jandciu, E"
"Barker, M","Young, R"
"Barker, M","Barker, M"
"Barker, M","Jandciu, E"
"Barker, M","Young, R"
"Jandciu, E","Young, R"
"Jandciu, E","Barker, M"
"Jandciu, E","Jandciu, E"
"Jandciu, E","Young, R"
"Jandciu, E","Barker, M"
"Jandciu, E","Jandciu, E"
"Jandciu, E","Young, R"
"Young, R","Barker, M"
"Young, R","Jandciu, E"
"Young, R","Young, R"
"Young, R","Barker, M"
"Young, R","Jandciu, E"
"Young, R","Young, R"
"Barker, M","Jandciu, E"
"Barker, M","Young, R"
"Barker, M","Barker, M"
"Barker, M","Jandciu, E"
"Barker, M","Young, R"
"Jandciu, E","Young, R"
"Jandciu, E","Barker, M"
"Jandciu, E","Jandciu, E"
"Jandciu, E","Young, R"
"Young, R","Barker, M"
"Young, R","Jandciu, E"
"Young, R","Young, R"
"Barker, M","Jandciu, E"
"Barker, M","Young, R"
"Jandciu, E","Young, R"
"Barrette-Ng, I","Code, W"
"Barrette-Ng, I","Dawson, J"
"Code, W","Dawson, J"
"Code, W","Power, M"
"Dawson, J","Power, M"
"Baskin, S","Birol, G"
"Iscan, A","Birol, G"
"Karagoz, B","Birol, G"
"Bates, S","Galloway, R"
"Bates, S","Loptson, C"
"Bates, S","Slaughter, K"
"Bates, S","Brunton, K"
"Bates, S","Galloway, R"
"Begel, A","Wolfman, S"
"Garcia, D","Wolfman, S"
"Belleville, P","Wolfman, S"
"Belleville, P","Bradley, S"
"Belleville, P","Heeren, C"
"Wolfman, S","Bradley, S"
"Wolfman, S","Heeren, C"
"Bradley, S","Heeren, C"
"Bett, N","Piccolo, C"
"Bett, N","Charbonneau, A"
"Bett, N","Addison, C"
"Piccolo, C","Roberson, N"
"Piccolo, C","Charbonneau, A"
"Piccolo, C","Addison, C"
"Roberson, N","Charbonneau, A"
"Roberson, N","Addison, C"
"Charbonneau, A","Addison, C"
"Biermann, O","Yoon, D"
"Ajisafe, D","Yoon, D"
"Birol, G","Briseno-Garzon, A"
"Birol, G","Han, A"
"Birol, G","Bates, S"
"Briseno-Garzon, A","Bates, S"
"Han, A","Bates, S"
"Birol, G","Deane, T"
"Birol, G","Cassidy, A"
"Birol, G","Fox, J"
"Deane, T","Fox, J"
"Cassidy, A","Fox, J"
"Birol, G","Han, A"
"Birol, G","Briseno-Garzon, A"
"Birol, G","Bates, S"
"Birol, G","Whitehead, L"
"Han, A","Bates, S"
"Briseno-Garzon, A","Bates, S"
"Bates, S","Whitehead, L"
"Birol, G","McKenna, A"
"Birol, G","Smith, H"
"Birol, G","Giorgio, T"
"Birol, G","Brophy, S"
"Birol, G","Birol, I"
"Birol, G","Cinar, A"
"Birol, G","McKenna, A"
"Birol, G","Smith, D"
"Birol, G","Giorgio, T"
"Birol, G","Brophy, S"
"Birol, G","McKenna, A"
"Birol, G","Giorgio, T"
"Birol, G","Brophy, S"
"Birol, G","Smith, K"
"Birol, G","Goedhart, C"
"Birol, G","Campbell, A"
"Birol, G","Sherman, S"
"Birol, G","Harris, S"
"Birol, G","Wideman, T"
"Smith, K","Goedhart, C"
"Smith, K","Campbell, A"
"Smith, K","Sherman, S"
"Smith, K","Harris, S"
"Smith, K","Wideman, T"
"Goedhart, C","Campbell, A"
"Goedhart, C","Sherman, S"
"Goedhart, C","Harris, S"
"Goedhart, C","Wideman, T"
"Campbell, A","Sherman, S"
"Campbell, A","Harris, S"
"Sherman, S","Harris, S"
"Sherman, S","Wideman, T"
"Harris, S","Wideman, T"
"Birol, G","Bole, G"
"Birol, G","Chowrira, S"
"Birol, G","Clarkston, B"
"Birol, G","Deane, T"
"Birol, G","Hansen, M"
"Birol, G","Jeffery, E"
"Birol, G","Kalas, P"
"Birol, G","Nomme, K"
"Birol, G","Oh-McGinnis, R"
"Birol, G","O'Neill, A"
"Birol, G","Pollock, C"
"Birol, G","Sharp, J"
"Birol, G","Smith, K"
"Birol, G","Tseng, M"
"Bole, G","Chowrira, S"
"Bole, G","Clarkston, B"
"Bole, G","Deane, T"
"Bole, G","Hansen, M"
"Bole, G","Jeffery, E"
"Bole, G","Kalas, P"
"Bole, G","Nomme, K"
"Bole, G","Oh-McGinnis, R"
"Bole, G","O'Neill, A"
"Bole, G","Pollock, C"
"Bole, G","Sharp, J"
"Bole, G","Smith, K"
"Bole, G","Tseng, M"
"Chowrira, S","Clarkston, B"
"Chowrira, S","Deane, T"
"Chowrira, S","Hansen, M"
"Chowrira, S","Jeffery, E"
"Chowrira, S","Kalas, P"
"Chowrira, S","Nomme, K"
"Chowrira, S","Oh-McGinnis, R"
"Chowrira, S","O'Neill, A"
"Chowrira, S","Pollock, C"
"Chowrira, S","Sharp, J"
"Chowrira, S","Smith, K"
"Chowrira, S","Tseng, M"
"Clarkston, B","Deane, T"
"Clarkston, B","Hansen, M"
"Clarkston, B","Jeffery, E"
"Clarkston, B","Kalas, P"
"Clarkston, B","Nomme, K"
"Clarkston, B","Oh-McGinnis, R"
"Clarkston, B","O'Neill, A"
"Clarkston, B","Pollock, C"
"Clarkston, B","Sharp, J"
"Clarkston, B","Smith, K"
"Clarkston, B","Tseng, M"
"Deane, T","Hansen, M"
"Deane, T","Jeffery, E"
"Deane, T","Kalas, P"
"Deane, T","Nomme, K"
"Deane, T","Smith, K"
"Deane, T","Tseng, M"
"Hansen, M","Jeffery, E"
"Hansen, M","Kalas, P"
"Hansen, M","Nomme, K"
"Hansen, M","Oh-McGinnis, R"
"Hansen, M","O'Neill, A"
"Hansen, M","Pollock, C"
"Hansen, M","Sharp, J"
"Hansen, M","Smith, K"
"Hansen, M","Tseng, M"
"Jeffery, E","Kalas, P"
"Jeffery, E","Nomme, K"
"Jeffery, E","Oh-McGinnis, R"
"Jeffery, E","O'Neill, A"
"Jeffery, E","Pollock, C"
"Jeffery, E","Sharp, J"
"Jeffery, E","Smith, K"
"Jeffery, E","Tseng, M"
"Kalas, P","Nomme, K"
"Kalas, P","Oh-McGinnis, R"
"Kalas, P","O'Neill, A"
"Kalas, P","Pollock, C"
"Kalas, P","Sharp, J"
"Kalas, P","Smith, K"
"Kalas, P","Tseng, M"
"Nomme, K","Oh-McGinnis, R"
"Nomme, K","O'Neill, A"
"Nomme, K","Pollock, C"
"Nomme, K","Sharp, J"
"Nomme, K","Smith, K"
"Nomme, K","Tseng, M"
"Oh-McGinnis, R","Smith, K"
"Oh-McGinnis, R","Tseng, M"
"O'Neill, A","Smith, K"
"O'Neill, A","Tseng, M"
"Pollock, C","Smith, K"
"Pollock, C","Tseng, M"
"Sharp, J","Smith, K"
"Sharp, J","Tseng, M"
"Smith, K","Tseng, M"
"Birol, G","Briseno-Garzon, A"
"Birol, G","Han, A"
"Birol, G","Budzynski, E"
"Birol, G","Crosson, L"
"Birol, G","Fahrenbach, J"
"Birol, G","Gonzalez, M"
"Birol, G","McKenna, A"
"Birol, G","Smith, J"
"Birol, G","Deane, T"
"Birol, G","Cassidy, A"
"Birol, G","Fox, J"
"Deane, T","Fox, J"
"Cassidy, A","Fox, J"
"Birol, G","Han, A"
"Birol, G","Welsh, A"
"Birol, G","Fox, J"
"Han, A","Welsh, A"
"Han, A","Fox, J"
"Welsh, A","Fox, J"
"Birol, G","Liu, S"
"Birol, G","Liu, S"
"Birol, G","Smith, H"
"Birol, G","Hirsch, P"
"Birol, I","Birol, G"
"Undey, C","Birol, G"
"Birol, G","Cinar, A"
"Bishop, M","Sutherland, S"
"Miller, E","Sutherland, S"
"McPherson, A","Sutherland, S"
"Simpson, S","Sutherland, S"
"Sutherland, S","Seller, A"
"Blaser, M","Stewart, J"
"Clark, T","Stewart, J"
"Lamont, L","Stewart, J"
"Blaser, M","Stewart, J"
"Clark, T","Stewart, J"
"Lamont, L","Stewart, J"
"Boesen, T","Haber, E"
"Boicu, M","Lukes, L"
"Tecuci, G","Lukes, L"
"Marcu, D","Lukes, L"
"Lukes, L","Sprague, D"
"Lukes, L","Trefil, J"
"Borduas-Dedekind, N","Short, K"
"Borduas-Dedekind, N","Carlson, S"
"Braga, C","Mochetti, K"
"Bray, L","Lukes, L"
"Briseno-Garzon, A","Birol, G"
"Briseno-Garzon, A","Bates, S"
"Han, A","Birol, G"
"Han, A","Bates, S"
"Birol, G","Bates, S"
"Birol, G","Whitehead, L"
"Bates, S","Whitehead, L"
"Bunt, A","Conati, C"
"Burr, W","Ng, R"
"Chevalier, F","Ng, R"
"Collins, C","Ng, R"
"Gibbs, A","Ng, R"
"Ng, R","Wild, C"
"Bussiere, G","Stoodley, R"
"Bussiere, G","Yajima, K"
"Bussiere, G","Bagai, A"
"Bussiere, G","Popowich, A"
"Bussiere, G","Matthews, N"
"Stoodley, R","Yajima, K"
"Stoodley, R","Bagai, A"
"Stoodley, R","Popowich, A"
"Stoodley, R","Matthews, N"
"Cantin, A","Ives, J"
"Cantin, A","Stang, J"
"Cantin, A","Stewart, J"
"Ashok, A","Ives, J"
"Ashok, A","Stang, J"
"Ashok, A","Stewart, J"
"Asiedu, E","Ives, J"
"Asiedu, E","Stang, J"
"Asiedu, E","Stewart, J"
"Ives, J","Summers, M"
"Ives, J","Stang, J"
"Ives, J","Stewart, J"
"Ives, J","Kelly, T"
"Summers, M","Stang, J"
"Summers, M","Stewart, J"
"Stang, J","Stewart, J"
"Stang, J","Kelly, T"
"Stewart, J","Kelly, T"
"Capperucci, D","Toti, G"
"Scierri, I","Toti, G"
"Salvadori, I","Toti, G"
"Batini, F","Toti, G"
"Toti, G","Barbisoni, G"
"Toti, G","Pera, E"
"Cassidy, A","Welsh, A"
"Cassidy, A","Fox, J"
"Dee, J","Welsh, A"
"Dee, J","Fox, J"
"Lam, V","Welsh, A"
"Lam, V","Fox, J"
"Welsh, A","Fox, J"
"Caulkins, J","Hickey, K"
"Caulkins, J","Scoates, J"
"Caulkins, J","Harris, S"
"Hickey, K","Scoates, J"
"Hickey, K","Harris, S"
"Scoates, J","Harris, S"
"Challen, G","Seltzer, M"
"Chan, B","Stewart, J"
"Chasteen, S","Code, W"
"Chasteen, S","Code, W"
"Chasteen, S","Wieman, C"
"Perkins, K","Code, W"
"Perkins, K","Wieman, C"
"Code, W","Wieman, C"
"Chasteen, S","Code, W"
"Chasteen, S","Sherman, S"
"Code, W","Sherman, S"
"Chen, L","Zeiler, K"
"Chen, L","Birol, G"
"Zeiler, K","Birol, G"
"Chow, A","Leung, F"
"Harrington, P","Leung, F"
"Chowrira, S",et a
"Chowrira, S","Smith, K"
"Chowrira, S","Dubois, P"
"Chowrira, S","Roll, I"
"Smith, K","Dubois, P"
"Smith, K","Roll, I"
"Dubois, P","Roll, I"
"Code, W","Chasteen, S"
"Code, W","Kohler, D"
"Code, W","Piccolo, C"
"Code, W","MacLean, M"
"Kohler, D","Piccolo, C"
"Kohler, D","MacLean, M"
"Piccolo, C","MacLean, M"
"Code, W","Merchant, S"
"Code, W","Welsh, A"
"Code, W","Maxwell, E"
"Welsh, A","Maxwell, E"
"Code, W","Merchant, S"
"Code, W","Maciejewski, W"
"Code, W","Thomas, M"
"Code, W","Lo, J"
"Merchant, S","Maciejewski, W"
"Merchant, S","Thomas, M"
"Merchant, S","Lo, J"
"Maciejewski, W","Lo, J"
"Thomas, M","Lo, J"
"Code, W","Piccolo, C"
"Code, W","Piccolo, C"
"Code, W","Kohler, D"
"Code, W","MacLean, M"
"Piccolo, C","Kohler, D"
"Piccolo, C","MacLean, M"
"Kohler, D","MacLean, M"
"Code, W","Welsh, A"
"Code, W","Reilly, D"
"Code, W","Warren, L"
"Code, W","Heels, L"
"Code, W","Marshall, L"
"Code, W","Barrette-Ng, I"
"Code, W","Dawson, J"
"Code, W","El Khoury, E"
"Welsh, A","Reilly, D"
"Welsh, A","Warren, L"
"Welsh, A","Heels, L"
"Welsh, A","Marshall, L"
"Welsh, A","Barrette-Ng, I"
"Welsh, A","Dawson, J"
"Welsh, A","El Khoury, E"
"Reilly, D","Dawson, J"
"Warren, L","Dawson, J"
"Heels, L","Dawson, J"
"Marshall, L","Dawson, J"
"Barrette-Ng, I","Dawson, J"
"Dawson, J","El Khoury, E"
"Coles, M","Piccolo, C"
"Coles, M","Leung, F"
"Leung, F","Radzimski, V"
"Leung, F","Sargent, P"
"Conati, C","Kardan, S"
"Conati, C","Barral, O"
"Conati, C","Putnam, V"
"Conati, C","Rieger, L"
"Conati, C","Jaques, N"
"Conati, C","Muir, M"
"Cooke, J","Weir, L"
"Cooke, J","Clarkston, B"
"Weir, L","Clarkston, B"
"Crenshaw, T","Heeren, C"
"Chambers, E","Heeren, C"
"Heeren, C","Metcalf, H"
"Dahlgren, M","Oberg, G"
"Davidson, A","Addison, C"
"Davidson, A","Charbonneau, A"
"Addison, C","Charbonneau, A"
"Dawson, J","Allen, M"
"Dawson, J","Campbell, A"
"Dawson, J","Valair, A"
"Allen, M","Campbell, A"
"Allen, M","Valair, A"
"Day, J","Bonn, D"
"Day, J","Stang, J"
"Day, J","Holmes, N"
"Day, J","Kumar, D"
"Day, J","Bonn, D"
"Stang, J","Holmes, N"
"Stang, J","Kumar, D"
"Stang, J","Bonn, D"
"Holmes, N","Kumar, D"
"Holmes, N","Bonn, D"
"Kumar, D","Bonn, D"
"Day, J","Adams, W"
"Day, J","Wieman, C"
"Day, J","Schwartz, D"
"Day, J","Bonn, D"
"Adams, W","Wieman, C"
"Adams, W","Bonn, D"
"Wieman, C","Schwartz, D"
"Wieman, C","Bonn, D"
"Schwartz, D","Bonn, D"
"Day, J","Holmes, N"
"Day, J","Roll, I"
"Day, J","Bonn, D"
"Holmes, N","Roll, I"
"Holmes, N","Bonn, D"
"Roll, I","Bonn, D"
"Day, J","Nakahara, H"
"Day, J","Bonn, D"
"Nakahara, H","Bonn, D"
"Deane, T","Nomme, K"
"Deane, T","Jeffery, E"
"Deane, T","Birol, G"
"Nomme, K","Jeffery, E"
"Nomme, K","Pollock, C"
"Nomme, K","Birol, G"
"Jeffery, E","Pollock, C"
"Jeffery, E","Birol, G"
"Pollock, C","Birol, G"
"Deane, T","Nomme, K"
"Deane, T","Jeffery, E"
"Deane, T","Birol, G"
"Nomme, K","Jeffery, E"
"Nomme, K","Pollock, C"
"Nomme, K","Birol, G"
"Jeffery, E","Pollock, C"
"Jeffery, E","Birol, G"
"Pollock, C","Birol, G"
"Deslauriers, L","Wieman, C"
"Deslauriers, L","Harris, S"
"Deslauriers, L","Lane, E"
"Deslauriers, L","Wieman, C"
"Harris, S","Lane, E"
"Harris, S","Wieman, C"
"Lane, E","Wieman, C"
"Deslauriers, L","Schelew, E"
"Deslauriers, L","Wieman, C"
"Schelew, E","Wieman, C"
"Dewji, N","Wolfman, S"
"Wolfman, S","Herman, G"
"Wolfman, S","Porter, L"
"Wolfman, S","Taylor, C"
"Wolfman, S","Vahrenhold, J"
"Dill-McFarland, K","Oliver, D"
"Dill-McFarland, K","Hallam, S"
"Konig, S","Oliver, D"
"Konig, S","Hallam, S"
"Mazel, F","Oliver, D"
"Mazel, F","Hallam, S"
"Oliver, D","McEwen, L"
"Oliver, D","Hong, K"
"Oliver, D","Hallam, S"
"McEwen, L","Hallam, S"
"Hong, K","Hallam, S"
"Diluvi, G","Dunham, B"
"Diluvi, G","Heckman, N"
"Diluvi, G","Lee, M"
"Dunham, B","Heckman, N"
"Dunham, B","Lee, M"
"Dunham, B","Lourenzutti, R"
"Heckman, N","Lee, M"
"Heckman, N","Lourenzutti, R"
"Lee, M","Lourenzutti, R"
"Diluvi, G","Dunham, B"
"Diluvi, G","Heckman, N"
"Diluvi, G","Lee, M"
"Isberg, S","Dunham, B"
"Isberg, S","Heckman, N"
"Isberg, S","Lee, M"
"Dunham, B","Heckman, N"
"Dunham, B","Lee, M"
"Heckman, N","Lee, M"
"Dodson, S","Yoon, D"
"Freund, L","Yoon, D"
"Yoon, D","Fong, M"
"Yoon, D","Kopak, R"
"Yoon, D","Fels, S"
"Dodson, S","Roll, I"
"Dodson, S","Yoon, D"
"Roll, I","Fong, M"
"Roll, I","Yoon, D"
"Roll, I","Harandi, N"
"Roll, I","Fels, S"
"Fong, M","Yoon, D"
"Yoon, D","Harandi, N"
"Yoon, D","Fels, S"
"Dodson, S","Roll, I"
"Dodson, S","Yoon, D"
"Roll, I","Fong, M"
"Roll, I","Yoon, D"
"Roll, I","Harandi, N"
"Roll, I","Fels, S"
"Fong, M","Yoon, D"
"Yoon, D","Harandi, N"
"Yoon, D","Fels, S"
"Dodson, S","Roll, I"
"Dodson, S","Yoon, D"
"Roll, I","Harandi, N"
"Roll, I","Fels, S"
"Roll, I","Yoon, D"
"Harandi, N","Yoon, D"
"Fels, S","Yoon, D"
"Dryden, N","MacLean, M"
"Leander, C","MacLean, M"
"Louis-Martinez, D","MacLean, M"
"Nakahara, H","MacLean, M"
"MacLean, M","Waltham, C"
"Duis, J","Schafer, L"
"Duis, J","Nussbaum, S"
"Duis, J","Stewart, J"
"Schafer, L","Nussbaum, S"
"Schafer, L","Stewart, J"
"Nussbaum, S","Stewart, J"
"Dunham, B","Yapa, G"
"Dunham, B","Yu, E"
"Yapa, G","Yu, E"
"Eby, K","Lukes, L"
"Reid, S","Lukes, L"
"Jensen, A","Lukes, L"
"Lukes, L","Zhang, Z"
"Eby, K","Lukes, L"
"Jacobsen, S","Lukes, L"
"Lukes, L","Zhang, Z"
"Lukes, L","Reid, E"
"Lukes, L","Jensen, A"
"Eby, K","Lukes, L"
"Elder, S","Giang, A"
"Wittman, H","Giang, A"
"Elouazizi, N","Birol, G"
"Elouazizi, N","Jandciu, E"
"Elouazizi, N","Oberg, G"
"Elouazizi, N","Welsh, A"
"Elouazizi, N","Han, A"
"Elouazizi, N","Campbell, A"
"Birol, G","Jandciu, E"
"Birol, G","Oberg, G"
"Birol, G","Welsh, A"
"Birol, G","Han, A"
"Birol, G","Campbell, A"
"Jandciu, E","Oberg, G"
"Jandciu, E","Welsh, A"
"Jandciu, E","Han, A"
"Jandciu, E","Campbell, A"
"Oberg, G","Welsh, A"
"Oberg, G","Han, A"
"Oberg, G","Campbell, A"
"Welsh, A","Han, A"
"Welsh, A","Campbell, A"
"Erzen, F","Birol, G"
"Birol, G","Cinar, A"
"Erzen, F","Birol, G"
"Birol, G","Cinar, A"
"Fagen-Ulmschneider, W","Heeren, C"
"Heeren, C","Herman, G"
"Heeren, C","West, M"
"Ferrara, J","Bates, S"
"Bates, S","Cochran, A"
"Bates, S","Del Campo, M"
"Bates, S","Goeb, C"
"Bates, S","Kleemiss, F"
"Bates, S",Le M
"Bates, S","Lengyel, J"
"Bates, S","Meyer, M"
"Bates, S","Puschmann, H"
"Bates, S","Saito, K"
"Bates, S","Schuermann, C"
"Bates, S","Stanley, A"
"Bates, S","Swepston, P"
"Bates, S","White, F"
"Bates, S","Wojciechowski, J"
"Fong, M","Yoon, D"
"Fong, M","Roll, I"
"Dodson, S","Yoon, D"
"Dodson, S","Roll, I"
"Harandi, N","Yoon, D"
"Harandi, N","Roll, I"
"Seo, K","Yoon, D"
"Seo, K","Roll, I"
"Yoon, D","Roll, I"
"Yoon, D","Fels, S"
"Roll, I","Fels, S"
"Fortin, J","Tseng, M"
"Bartlett, B","Tseng, M"
"Kantar, M","Tseng, M"
"Tseng, M","Mehrabi, Z"
"Fox, J","Baloy, N"
"Fox, J","Sens, A"
"Fox, J","Birol, G"
"Fox, J","Han, A"
"Fox, J","Cassidy, A"
"Fox, J","Welsh, A"
"Fox, J","Nakonechny, J"
"Fox, J","Berger, J"
"Fox, J","Peacock, S"
"Fox, J","Samuels, L"
"Birol, G","Han, A"
"Birol, G","Cassidy, A"
"Birol, G","Welsh, A"
"Birol, G","Nakonechny, J"
"Birol, G","Berger, J"
"Birol, G","Peacock, S"
"Birol, G","Samuels, L"
"Han, A","Welsh, A"
"Han, A","Berger, J"
"Cassidy, A","Welsh, A"
"Cassidy, A","Berger, J"
"Welsh, A","Nakonechny, J"
"Welsh, A","Berger, J"
"Welsh, A","Peacock, S"
"Welsh, A","Samuels, L"
"Nakonechny, J","Berger, J"
"Berger, J","Peacock, S"
"Berger, J","Samuels, L"
"Fratamico, L","Conati, C"
"Fratamico, L","Roll, I"
"Conati, C","Kardan, S"
"Conati, C","Roll, I"
"Kardan, S","Roll, I"
"Gao, X","Leyton-Brown, K"
"Wright, J","Leyton-Brown, K"
"Garaschuk, K","Cytrynbaum, E"
"Garzke, J","Steinwand, B"
"Gaudet, A","Ramer, M"
"Ramer, L","Ramer, M"
"Nakonechny, J","Ramer, M"
"Cragg, J","Ramer, M"
"Geange, S","Michaletz, S"
"von Oppen, J","Michaletz, S"
"Strydom, T","Michaletz, S"
"Boakye, M","Michaletz, S"
"Gauthier, T","Michaletz, S"
"Gya, R","Michaletz, S"
"Halbritter, A","Michaletz, S"
"Jessup, L","Michaletz, S"
"Middleton, S","Michaletz, S"
"Navarro, J","Michaletz, S"
"Pierfederici, M","Michaletz, S"
"Chacon-Labella, J","Michaletz, S"
"Cotner, S","Michaletz, S"
"Farfan-Rios, W","Michaletz, S"
"Maitner, B","Michaletz, S"
"Michaletz, S","Telford, R"
"Michaletz, S","Enquist, B"
"Michaletz, S","Vandvik, V"
"Gilbert, S","Code, W"
"Gilley, B","Clarkston, B"
"Gilley, B","Clarkston, B"
"Gilley, B","Harris, S"
"Gilley, B","Jones, F"
"Gilley, B","Harris, S"
"Jones, F","Harris, S"
"Gilley, B","Scoates, J"
"Gilley, B","Hickey, K"
"Scoates, J","Hickey, K"
"Gin, L","Steinwand, B"
"Rowland, A","Steinwand, B"
"Steinwand, B","Bruno, J"
"Steinwand, B","Corwin, L"
"Giorgio, T","Birol, G"
"Brophy, S","Birol, G"
"Birol, G","McKenna, A"
"Birol, G","Smith, H"
"Goedhart, C","McLaughlin, J"
"Goedhart, C","McLaughlin, J"
"Gold, A","Harris, S"
"Goldman, K","Heeren, C"
"Gross, P","Heeren, C"
"Heeren, C","Herman, G"
"Heeren, C","Kaczmarczyk, L"
"Heeren, C","Loui, M"
"Heeren, C","Zilles, C"
"Goldman, K","Heeren, C"
"Gross, P","Heeren, C"
"Heeren, C","Herman, G"
"Heeren, C","Kaczmarczyk, L"
"Heeren, C","Loui, M"
"Heeren, C","Zilles, C"
"Greenhoot, A","Code, W"
"Greenhoot, A","Sherman, S"
"Aslan, C","Code, W"
"Aslan, C","Sherman, S"
"Chasteen, S","Code, W"
"Chasteen, S","Sherman, S"
"Code, W","Sherman, S"
"Guzman, L","Pennell, M"
"Guzman, L","Srivastava, D"
"Pennell, M","Nikelski, E"
"Pennell, M","Srivastava, D"
"Nikelski, E","Srivastava, D"
"Hall, B","Baniassad, E"
"Hall, B","Baniassad, E"
"Hall, B","Allen, M"
"Hall, B","Holmes, R"
"Heyl, N","Baniassad, E"
"Heyl, N","Allen, M"
"Heyl, N","Holmes, R"
"Baniassad, E","Allen, M"
"Baniassad, E","Holmes, R"
"Allen, M","Holmes, R"
"Han, A","Code, W"
"Hansen, M","Birol, G"
"Harandi, N","Loewen, P"
"Jaeger, C","Loewen, P"
"Hardy, J","Bates, S"
"Bates, S","Casey, M"
"Bates, S","Galloway, K"
"Bates, S","Galloway, R"
"Bates, S","Kay, A"
"Bates, S","Kirsop, P"
"Bates, S","McQueen, H"
"Harris, S","Gold, A"
"Harris, S","Gilley, B"
"Harris, S","Gold, A"
"Harris, S","Schoonmaker, J"
"Harris, S","Taylor, S"
"Hayes, L","Aviles, L"
"Aviles, L","Fernandez-Duque, E"
"Aviles, L","Huck, M"
"Aviles, L","Lacey, E"
"Aviles, L","Maldonado-Chaparro, A"
"Aviles, L","Matchinske, M"
"Aviles, L","Pillay, N"
"Aviles, L","Solomon, N"
"Aviles, L","Schradin, C"
"Heagy, L","Oldenburg, D"
"Heagy, L","Kang, S"
"Heagy, L","Melo, A"
"Heagy, L","Perez, F"
"Oldenburg, D","Kang, S"
"Oldenburg, D","Melo, A"
"Oldenburg, D","Perez, F"
"Heeren, C","Fagen-Ulmschneider, W"
"Heiner, C","Banet, A"
"Heiner, C","Wieman, C"
"Banet, A","Wieman, C"
"Heiner, C","Banet, A"
"Hendricks, C","Reinsberg, S"
"Hendricks, C","Rieger, G"
"Reinsberg, S","Rieger, G"
"Heyl, N","Baniassad, E"
"Heyl, N","Ola, O"
"Baniassad, E","Ola, O"
"Hirsch, P","Birol, G"
"Smith, H","Birol, G"
"Birol, G","Yalvac, B"
"Birol, G","Casler, J"
"Birol, G","Anderson, J"
"Birol, G","Troy, J"
"Holland, T","Sherman, S"
"Holland, T","Harris, S"
"Sherman, S","Harris, S"
"Holmes, N","Bonn, D"
"Holmes, N","Day, J"
"Holmes, N","Park, A"
"Holmes, N","Bonn, D"
"Holmes, N","Roll, I"
"Day, J","Park, A"
"Day, J","Bonn, D"
"Day, J","Roll, I"
"Park, A","Bonn, D"
"Park, A","Roll, I"
"Bonn, D","Roll, I"
"Holmes, N","Roll, I"
"Holmes, N","Bonn, D"
"Roll, I","Bonn, D"
"Holmes, N","Wieman, C"
"Holmes, N","Bonn, D"
"Wieman, C","Bonn, D"
"Holmes, N","Martinuk, M"
"Holmes, N","Ives, J"
"Holmes, N","Warren, M"
"Martinuk, M","Ives, J"
"Ives, J","Warren, M"
"Holmes, N","Bonn, D"
"Holmes, N","Ives, J"
"Holmes, N","Bonn, D"
"Ives, J","Bonn, D"
"Holmes, R","Craig, M"
"Holmes, R","Reid, K"
"Holmes, R","Stroulia, E"
"Horton, D","Allen, M"
"Hase, F","Hein, J"
"Aldeghi, M","Hein, J"
"Hickman, R","Hein, J"
"Roch, L","Hein, J"
"Christensen, M","Hein, J"
"Liles, E","Hein, J"
"Hein, J","Aspuru-Guzik, A"
"Ives, J","Rieger, G"
"Ives, J","Renani, F"
"Rieger, G","Renani, F"
"Ives, J","Stang, J"
"Ives, J","Stang, J"
"Ives, J","Stang, J"
"Ives, J","Arias-Bustamente, J"
"Ives, J","Dubois, P"
"Ives, J","Hofmann, A"
"Stang, J","Arias-Bustamente, J"
"Stang, J","Dubois, P"
"Stang, J","Hofmann, A"
"Ives, Z","Pottinger, R"
"Pottinger, R","Kumar, A"
"Pottinger, R","Gehrke, J"
"Pottinger, R","Giceva, J"
"Jandciu, E","Stewart, J"
"Jandciu, E","Stoodley, R"
"Jandciu, E","Birol, G"
"Stewart, J","Stoodley, R"
"Stewart, J","Birol, G"
"Stoodley, R","Birol, G"
"Jeffery, E","Nomme, K"
"Jeffery, E","Deane, T"
"Jeffery, E","Pollock, C"
"Jeffery, E","Birol, G"
"Nomme, K","Deane, T"
"Nomme, K","Pollock, C"
"Nomme, K","Birol, G"
"Deane, T","Birol, G"
"Pollock, C","Birol, G"
"Jin, B","Ng, R"
"Xu, F","Ng, R"
"Ng, R","Hogg, J"
"Johnson, O","Bates, S"
"Hancock, S","Bates, S"
"Galloway, R","Bates, S"
"Wallace, M","Bates, S"
"Bates, S","Draper, S"
"Johnston, L","Ostblom, J"
"Bonsma-Fisher, M","Ostblom, J"
"Ostblom, J","Hasan, A"
"Ostblom, J","Santangelo, J"
"Ostblom, J","Coome, L"
"Ostblom, J","Tran, L"
"Ostblom, J","De Andrade, E"
"Ostblom, J","Mahallati, S"
"Jolley, A","Jones, F"
"Jolley, A","Harris, S"
"Jones, F","Harris, S"
"Jolley, A","Jones, F"
"Jolley, A","Harris, S"
"Jones, F","Harris, S"
"Jolley, A","Lane, E"
"Jones, D","Madison, K"
"Jones, D","Wieman, C"
"Madison, K","Wieman, C"
"Jones, F","Austin, P"
"Jones, F","Schoof, C"
"Jones, F","Ivanochko, T"
"Austin, P","Schoof, C"
"Austin, P","Ivanochko, T"
"Schoof, C","Ivanochko, T"
"Jones, F","Baldeon, G"
"Jones, F","Eberhardt, E"
"Baldeon, G","Eberhardt, E"
"Jones, F","Harris, S"
"Jones, F","Harris, S"
"Jones, F","Gilley, B"
"Harris, S","Gilley, B"
"Jones, F","Harris, S"
"Jones, F","Steyn, D"
"Harris, S","Steyn, D"
"Jones, F","Longridge, L"
"Jones, F","Sutherland, S"
"Jones, F","Smith, P"
"Longridge, L","Sutherland, S"
"Longridge, L","Smith, P"
"Sutherland, S","Smith, P"
"Jones, F","Scott, T"
"Jungic, V","Harris, S"
"Creelman, D","Harris, S"
"Bigelow, A","Harris, S"
"Cote, E","Harris, S"
"Harris, S","Joordens, S"
"Harris, S","Ostafichuk, P"
"Harris, S","Riddell, J"
"Harris, S","Toulouse, P"
"Harris, S","Yoon, J"
"Kalas, P","McDonnell, L"
"Kalas, P","McLellan, S"
"Kalas, P","Raisinghani, L"
"Kalas, P","Jackman, A"
"Kalas, P","Goel, R"
"Kalas, P","Moussavi, M"
"Kalas, P","Mao, Y"
"Kalas, P","Moussavi, M"
"Kalas, P","O'Neill, A"
"Kalas, P","Pollock, C"
"Kalas, P","Birol, G"
"O'Neill, A","Birol, G"
"Pollock, C","Birol, G"
"Kalas, P","Redfield, R"
"Kardan, S","Conati, C"
"Kardan, S","Roll, I"
"Kardan, S","Conati, C"
"Roll, I","Conati, C"
"Karimi, O","Toti, G"
"Toti, G","Gutica, M"
"Toti, G","Robinson, R"
"Toti, G","Zhang, L"
"Toti, G","Paterson, J"
"Toti, G","Lindner, P"
"Toti, G","O'Dea, M"
"Karpierz, K","Wolfman, S"
"Khosravi, H","Conati, C"
"Shum, S","Conati, C"
"Chen, G","Conati, C"
"Conati, C","Tsai, Y"
"Conati, C","Kay, J"
"Conati, C","Knight, S"
"Conati, C","Martinez-Maldonado, R"
"Conati, C","Sadiq, S"
"Conati, C","Gasevic, D"
"Kianzad, S","MacLean, K"
"Chen, G","MacLean, K"
"Klegeris, A","Code, W"
"Dubois, P","Code, W"
"Code, W","Bradshaw, H"
"Klenz, J","McDonnell, L"
"Knox, K","Gillis, E"
"Knox, K","Dake, G"
"Gillis, E","Dake, G"
"Lalle, S","Conati, C"
"Murali, R","Conati, C"
"Conati, C","Azevedo, R"
"Lalle, S","Conati, C"
"Lalle, S","Conati, C"
"Lalle, S","Conati, C"
"Lalle, S","Carenini, G"
"Conati, C","Carenini, G"
"Lalle, S","Conati, C"
"Yalcin, O","Conati, C"
"Lane, E","Harris, S"
"Lane, E","Harris, S"
"Lanir, J","Wolfman, S"
"Booth, K","Wolfman, S"
"Lee, J","Moon, W"
"Lee, J","Yeom, K"
"Lee, J","Yoon, D"
"Lee, J","Kim, D"
"Lee, J","Han, J"
"Lee, J","Park, J"
"Moon, W","Yoon, D"
"Yeom, K","Yoon, D"
"Yoon, D","Kim, D"
"Yoon, D","Han, J"
"Yoon, D","Park, J"
"Lei, Y","Allen, M"
"Lekhi, P","Allen, M"
"Lekhi, P","Leung, F"
"Lekhi, P","Gilley, B"
"Lekhi, P","Rieger, G"
"Lekhi, P","Fox, J"
"Allen, M","Leung, F"
"Allen, M","Gilley, B"
"Allen, M","Rieger, G"
"Allen, M","Fox, J"
"Leung, F","Gilley, B"
"Leung, F","Rieger, G"
"Leung, F","Fox, J"
"Gilley, B","Rieger, G"
"Gilley, B","Fox, J"
"Rieger, G","Fox, J"
"Lekhi, P","Nussbaum, S"
"Leung, F","Radzimski, V"
"Leung, F","Doolittle, E"
"Liu, K","Xie, J"
"Lo, J","Stewart, J"
"Lo, J","Code, W"
"Lo, J","Birol, G"
"Stewart, J","Code, W"
"Stewart, J","Birol, G"
"Code, W","Birol, G"
"Lukes, L","LaDue, N"
"Lukes, L","Cheek, K"
"Lukes, L","Ryker, K"
"Lukes, L","Abbot, S"
"Lukes, L","Henry, D"
"Lukes, L","Wells, M"
"Lukes, L","Baum, L"
"Lukes, L","Case, K"
"Lukes, L","Brantmeier, E"
"Lukes, L","Wheeler, L"
"Lukes, L","Ibrahim, L"
"Lukes, L","Bray, L"
"Lukes, L","Jones, J"
"Lukes, L","McConnell, D"
"Lukes, L","LaDue, N"
"Lukes, L","Cheek, K"
"Lukes, L","Ryker, K"
"Lukes, L","St John, K"
"Lukes, L","Mazabel, S"
"Lukes, L","Sherman, S"
"Lukes, L","Gilley, B"
"Lukes, L","Pete, S"
"Mazabel, S","Sherman, S"
"Mazabel, S","Gilley, B"
"Mazabel, S","Pete, S"
"Sherman, S","Gilley, B"
"Sherman, S","Pete, S"
"Gilley, B","Pete, S"
"Lukes, L","McConnell, D"
"Lukes, L","Ryker, K"
"Lukes, L","Millsaps, C"
"Lukes, L","Lockwood, R"
"Lukes, L","Uhen, M"
"Lukes, L","George, C"
"Lukes, L","Bentley, C"
"Lukes, L","Berquist, P"
"Lyons, M","Groat, L"
"Gabriel, D","Groat, L"
"MacLean, K","Schneider, O"
"MacLean, K","WeillDuflos, A"
"MacLean, K","Levesque, V"
"MacLean, K","Irani, P"
"MacLean, K","Cooperstock, J"
"Schneider, O","WeillDuflos, A"
"Schneider, O","Levesque, V"
"Schneider, O","Irani, P"
"Schneider, O","Cooperstock, J"
"MacLean, M","Poole, G"
"Macdonald, A","Burke, S"
"Macdonald, A","Heiner, C"
"Burke, S","Heiner, C"
"Mahmud, S","McGrenere, J"
"Alvina, J","McGrenere, J"
"Chilana, P","McGrenere, J"
"Bunt, A","McGrenere, J"
"Martinuk, M","Ives, J"
"Massey-Allard, J","Roll, I"
"Massey-Allard, J","Ives, J"
"Roll, I","Ives, J"
"Massung, S","Heeren, C"
"McDonnell, L","Klenz, J"
"McDonnell, L","McDonnell, L"
"McDonnell, L","Klenz, J"
"McDonnell, L","McDonnell, L"
"McDonnell, L","Klenz, J"
"Klenz, J","McDonnell, L"
"Klenz, J","Klenz, J"
"Klenz, J","McDonnell, L"
"Klenz, J","Klenz, J"
"McDonnell, L","Klenz, J"
"McDonnell, L","McDonnell, L"
"McDonnell, L","Klenz, J"
"Klenz, J","McDonnell, L"
"Klenz, J","Klenz, J"
"McDonnell, L","Klenz, J"
"McDonnell, L","Kalas, P"
"McDonnell, L","Mullally, M"
"McGrenere, J","Seifi, H"
"McGrenere, J","Halbert, H"
"McLaughlin, J","Goedhart, C"
"Favre, D","Goedhart, C"
"Weinstein, S","Goedhart, C"
"McNutt, J","Piccolo, C"
"Piccolo, C","Massey-Allard, J"
"Merchant, S","Rechnitzer, A"
"Metcalf, H","Heeren, C"
"Crenshaw, T","Heeren, C"
"Chambers, E","Heeren, C"
"Meyer, C","Heeren, C"
"Heeren, C","Shaffer, E"
"Heeren, C","Tedesco, J"
"Milner-Bolotin, M","Milner, V"
"Milner-Bolotin, M","Aminov, O"
"Milner-Bolotin, M","Wasserman, W"
"Milner-Bolotin, M","Milner, V"
"Aminov, O","Milner, V"
"Wasserman, W","Milner, V"
"Milner-Bolotin, M","Kotlicki, A"
"Milner-Bolotin, M","Rieger, G"
"Kotlicki, A","Rieger, G"
"Milner-Bolotin, M","Milner, V"
"Milner-Bolotin, M","Milner, V"
"Milner-Bolotin, M","Milner, V"
"Milner-Bolotin, M","Tasnadi, A"
"Milner-Bolotin, M","Weck, H"
"Milner-Bolotin, M","Groma, I"
"Milner-Bolotin, M","Ispanovity, P"
"Milner, V","Tasnadi, A"
"Milner, V","Weck, H"
"Milner, V","Groma, I"
"Milner, V","Ispanovity, P"
"Mochetti, K","Souza, J"
"Mochetti, K","Santos, C"
"Mochetti, K","Ururay Fragoso Araujo, T"
"Mochetti, K","Domingos Correia Santos, C"
"Monga, V","Knox, K"
"Monga, V","Gillis, E"
"Monga, V","Stoodley, R"
"Monga, V","Bussiere, G"
"Monga, V","Rogers, C"
"Knox, K","Gillis, E"
"Knox, K","Stoodley, R"
"Knox, K","Bussiere, G"
"Knox, K","Rogers, C"
"Gillis, E","Stoodley, R"
"Gillis, E","Bussiere, G"
"Gillis, E","Rogers, C"
"Stoodley, R","Bussiere, G"
"Stoodley, R","Rogers, C"
"Bussiere, G","Rogers, C"
"Moosvi, F","Wolfman, S"
"Eddelbuettel, D","Wolfman, S"
"Zilles, C","Wolfman, S"
"Wolfman, S","Fund, F"
"Wolfman, S","Alford, L"
"Wolfman, S","Schroeder, J"
"Moosvi, F","Reinsberg, S"
"Moosvi, F","Rieger, G"
"Reinsberg, S","Rieger, G"
"Moosvi, F","Toti, G"
"Moosvi, F","Baniassad, E"
"Toti, G","Baniassad, E"
"Morrison, B","Ola, O"
"Quinn, B","Ola, O"
"Bradley, S","Ola, O"
"Buffardi, K","Ola, O"
"Harrington, B","Ola, O"
"Hu, H","Ola, O"
"Kallia, M","Ola, O"
"McNeill, F","Ola, O"
"Ola, O","Parker, M"
"Ola, O","Rosato, J"
"Ola, O","Waite, J"
"Morrison, B","Ola, O"
"Quinn, B","Ola, O"
"Bradley, S","Ola, O"
"Buffardi, K","Ola, O"
"Harrigton, B","Ola, O"
"Hu, H","Ola, O"
"Kallia, M","Ola, O"
"McNeill, F","Ola, O"
"Ola, O","Parker, M"
"Ola, O","Rosato, J"
"Ola, O","Waite, J"
"Moslemi, J","Johnson, M"
"Capps, K","Johnson, M"
"Johnson, M","Maul, J"
"Johnson, M","McIntyre, P"
"Johnson, M","Melvin, A"
"Johnson, M","Vadas, T"
"Johnson, M","Vallano, D"
"Johnson, M","Watkins, J"
"Johnson, M","Weiss, M"
"Muldner, K","Conati, C"
"Mullins, R","Conati, C"
"Newton, G","Gilley, B"
"Rajakaruna, R","Gilley, B"
"Kulak, V","Gilley, B"
"Albabish, W","Gilley, B"
"Gilley, B","Ritchie, K"
"Ng, R","Tang, Y"
"Ng, R","Lin, H"
"Ng, R","Chu, X"
"Ng, R","Au, K"
"Nomme, K","Birol, G"
"Nussbaum, S","Stewart, J"
"Nussbaum, S","Lekhi, P"
"Nussbaum, S","Thomas, A"
"Stewart, J","Lekhi, P"
"Stewart, J","Thomas, A"
"O'Neill, A","Birol, G"
"Birol, G","Pollock, C"
"Obhi, N","Borduas-Dedekind, N"
"Mallov, I","Borduas-Dedekind, N"
"Borduas-Dedekind, N","Rousseaux, S"
"Borduas-Dedekind, N","Dicks, A"
"Oehlman, N","Clarkston, B"
"Haegar, H","Clarkston, B"
"Clarkston, B","Banks, J"
"Ola, O","Campbell, A"
"Ola, O","Chavez, V"
"Ola, O","Liao, S"
"Ola, O","Pena, J"
"Ola, O","Zhang, L"
"Ola, O","Cukierman, D"
"Ola, O","Acton, D"
"Cukierman, D","Acton, D"
"Ola, O","Harrington, B"
"Ola, O","Smith, J"
"Ola, O","Rotundo, B"
"Ola, O","Hsia, J"
"Ostblom, J","Timbers, T"
"Palisse, J","MacLean, M"
"King, D","MacLean, M"
"Patitsas, E","Belleville, P"
"Patitsas, E","Voll, K"
"Patitsas, E","Wolfman, S"
"Voll, K","Crowley, M"
"Voll, K","Wolfman, S"
"Crowley, M","Wolfman, S"
"Patitsas, E","Wolfman, S"
"Pechenizkiy, M","Conati, C"
"Calders, T","Conati, C"
"Conati, C","Ventura, S"
"Conati, C","Romero, C"
"Conati, C","Stamper, J"
"Conati, C",International E
"Pete, S","Salisha, A"
"Piccolo, C","Code, W"
"Pleiss, G","Perry, M"
"Pleiss, G","Zastavker, Y"
"Porayska-Pomsta, K","Conati, C"
"Mavrikis, M","Conati, C"
"D'Mello, S","Conati, C"
"Conati, C","Baker, R"
"Potter, T","Charbonneau, A"
"Potter, T","MacLean, M"
"Potter, T","Roll, I"
"Englund, L","Charbonneau, A"
"Englund, L","MacLean, M"
"Englund, L","Roll, I"
"Charbonneau, A","MacLean, M"
"Charbonneau, A","Newell, J"
"Charbonneau, A","Roll, I"
"MacLean, M","Newell, J"
"MacLean, M","Roll, I"
"Newell, J","Roll, I"
"Prat, A","Code, W"
"Pressman, A","Walls, P"
"Ramdass, T","Walls, P"
"Walls, P","Ford, V"
"Walls, P","Turygina, V"
"Putnam, V","Conati, C"
"Perez-Quinones, M","Toti, G"
"Largent, D","Toti, G"
"Moosvi, F","Toti, G"
"Roberson, C","Toti, G"
"Sgro, C","Toti, G"
"Toti, G","Wilson, L"
"Raby, G","Reid, A"
"Chapman, J","Reid, A"
"De Bruijn, R","Reid, A"
"Eliason, E","Reid, A"
"Elvidge, C","Reid, A"
"Hasler, C","Reid, A"
"Madliger, C","Reid, A"
"Nyboer, E","Reid, A"
"Reid, A","Roche, D"
"Reid, A","Rytwinski, T"
"Reid, A","Ward, T"
"Reid, A","Wilson, A"
"Reid, A","Cooke, S"
"Radzimski, V","Leung, F"
"Leung, F","Sargent, P"
"Leung, F","Prat, A"
"Ram, I","Harris, S"
"Ram, I","Roll, I"
"Harris, S","Roll, I"
"Ramachandran, A","Giang, A"
"Abdi, K","Giang, A"
"Giang, A","Gladwin, D"
"Giang, A","Ellis, N"
"Ramachandran, A","Oberg, G"
"Achar, J","Oberg, G"
"Green, G","Oberg, G"
"Hanson-Wright, B","Oberg, G"
"Leiter, S","Oberg, G"
"Ramachandran, A","Oberg, G"
"Moua, I","Oberg, G"
"Randles, B","Yoon, D"
"Yoon, D","Cheatle, A"
"Yoon, D","Jung, M"
"Yoon, D","Guimbretiere, F"
"Rawn, C","Fox, J"
"Rehrey, G","Code, W"
"Molinaro, M","Code, W"
"Groth, D","Code, W"
"Shepard, L","Code, W"
"Bennett, C","Code, W"
"Code, W","Reynolds, A"
"Code, W","Squires, V"
"Code, W","Ward, D"
"Reid, S","Lukes, L"
"Lukes, L","Borup, J"
"Lukes, L","Clare, K"
"Lukes, L","Demory, Y"
"Lukes, L","Fleming, L"
"Lukes, L","Masterson, A"
"Lukes, L","McGlinchy, E"
"Lukes, L","Roman-Mendoza, E"
"Lukes, L","Sanghera, K"
"Rieger, G","Reinsberg, S"
"Rieger, G","Wieman, C"
"Reinsberg, S","Wieman, C"
"Rieger, G","Heiner, C"
"Rieger, G","McIver, J"
"Rieger, G","Mazabel, S"
"Rieger, G","Burkholder, E"
"McIver, J","Mazabel, S"
"McIver, J","Burkholder, E"
"Rieger, G","McIver, J"
"Rieger, G","Mazabel, S"
"Rieger, G","Cooper, S"
"Rieger, G","Lichtenberg, G"
"McIver, J","Mazabel, S"
"McIver, J","Cooper, S"
"McIver, J","Lichtenberg, G"
"Rieger, G","Rieger, C"
"Rieger, G","Sitwell, M"
"Rieger, G","Carolan, J"
"Rieger, G","Roll, I"
"Sitwell, M","Carolan, J"
"Sitwell, M","Roll, I"
"Carolan, J","Roll, I"
"Rodriguez Nunez, J","Leeuwner, J"
"Roll, I","Briseno, A"
"Roll, I","Yee, N"
"Roll, I","Welsh, A"
"Briseno, A","Welsh, A"
"Yee, N","Welsh, A"
"Roll, I","Butler, D"
"Roll, I","Yee, N"
"Roll, I","Welsh, A"
"Roll, I","Perez, S"
"Roll, I","Briseno, A"
"Roll, I","Perkins, K"
"Roll, I","Bonn, D"
"Butler, D","Welsh, A"
"Butler, D","Bonn, D"
"Yee, N","Welsh, A"
"Yee, N","Bonn, D"
"Welsh, A","Perez, S"
"Welsh, A","Briseno, A"
"Welsh, A","Perkins, K"
"Welsh, A","Bonn, D"
"Perez, S","Bonn, D"
"Briseno, A","Bonn, D"
"Perkins, K","Bonn, D"
"Roll, I","Holmes, N"
"Roll, I","Day, J"
"Roll, I","Bonn, D"
"Holmes, N","Day, J"
"Holmes, N","Bonn, D"
"Day, J","Bonn, D"
"Schmid, K","Kalas, P"
"Schmid, K","Kalas, P"
"Schmid, K","Kalas, P"
"Avena, J","Kalas, P"
"Avena, J","Kalas, P"
"Avena, J","Kalas, P"
"Hobbie, L","Kalas, P"
"Hobbie, L","Kalas, P"
"Hobbie, L","Kalas, P"
"Kalas, P","Kelly, T"
"Kalas, P","Klocko, A"
"Kalas, P","Pavlova, I"
"Kalas, P","Radick, G"
"Kalas, P","Snow, L"
"Kalas, P","Smith, M"
"Kalas, P","Schmid, K"
"Kalas, P","Avena, J"
"Kalas, P","Hobbie, L"
"Kalas, P","Kalas, P"
"Kalas, P","Kelly, T"
"Kalas, P","Klocko, A"
"Kalas, P","Pavlova, I"
"Kalas, P","Radick, G"
"Kalas, P","Snow, L"
"Kalas, P","Smith, M"
"Kalas, P","Schmid, K"
"Kalas, P","Avena, J"
"Kalas, P","Hobbie, L"
"Kalas, P","Kalas, P"
"Kalas, P","Kelly, T"
"Kalas, P","Klocko, A"
"Kalas, P","Pavlova, I"
"Kalas, P","Radick, G"
"Kalas, P","Snow, L"
"Kalas, P","Smith, M"
"Kelly, T","Kalas, P"
"Kelly, T","Kalas, P"
"Klocko, A","Kalas, P"
"Klocko, A","Kalas, P"
"Pavlova, I","Kalas, P"
"Pavlova, I","Kalas, P"
"Radick, G","Kalas, P"
"Radick, G","Kalas, P"
"Snow, L","Kalas, P"
"Snow, L","Kalas, P"
"Smith, M","Kalas, P"
"Smith, M","Kalas, P"
"Schmid, K","Kalas, P"
"Schmid, K","Kalas, P"
"Avena, J","Kalas, P"
"Avena, J","Kalas, P"
"Hobbie, L","Kalas, P"
"Hobbie, L","Kalas, P"
"Kalas, P","Kelly, T"
"Kalas, P","Klocko, A"
"Kalas, P","Pavlova, I"
"Kalas, P","Radick, G"
"Kalas, P","Snow, L"
"Kalas, P","Smith, M"
"Kalas, P","Schmid, K"
"Kalas, P","Avena, J"
"Kalas, P","Hobbie, L"
"Kalas, P","Kalas, P"
"Kalas, P","Kelly, T"
"Kalas, P","Klocko, A"
"Kalas, P","Pavlova, I"
"Kalas, P","Radick, G"
"Kalas, P","Snow, L"
"Kalas, P","Smith, M"
"Kelly, T","Kalas, P"
"Klocko, A","Kalas, P"
"Pavlova, I","Kalas, P"
"Radick, G","Kalas, P"
"Snow, L","Kalas, P"
"Smith, M","Kalas, P"
"Schmid, K","Kalas, P"
"Avena, J","Kalas, P"
"Hobbie, L","Kalas, P"
"Kalas, P","Kelly, T"
"Kalas, P","Klocko, A"
"Kalas, P","Pavlova, I"
"Kalas, P","Radick, G"
"Kalas, P","Snow, L"
"Kalas, P","Smith, M"
"Schrum, K","Lukes, L"
"Lukes, L","Reid, E"
"Lukes, L","Osborn, H"
"Schutt, A","Conati, C"
"Huber, T","Conati, C"
"Nasir, J","Conati, C"
"Conati, C","Andre, E"
"Scribner, E","Harris, S"
"Seifi, H","Schneider, O"
"Seifi, H","MacLean, K"
"Chun, M","Schneider, O"
"Chun, M","MacLean, K"
"Gallacher, C","Schneider, O"
"Gallacher, C","MacLean, K"
"Schneider, O","MacLean, K"
"Semsar, K","Birol, G"
"Knight, J","Birol, G"
"Birol, G","Smith, M"
"Seo, K","Yoon, D"
"Seo, K","Roll, I"
"Fels, S","Yoon, D"
"Fels, S","Roll, I"
"Yoon, D","Roll, I"
"Yoon, D","Dodson, S"
"Yoon, D","Fong, M"
"Roll, I","Dodson, S"
"Roll, I","Fong, M"
"Seo, K","Roll, I"
"Seo, K","Yoon, D"
"Tang, J","Roll, I"
"Tang, J","Yoon, D"
"Roll, I","Fels, S"
"Roll, I","Yoon, D"
"Fels, S","Yoon, D"
"Sien, S","McGrenere, J"
"Ahn, J","McGrenere, J"
"Sien, S","McGrenere, J"
"Mohan, S","McGrenere, J"
"Simon, B","Taylor, J"
"Slaughter, K","Bates, S"
"Slaughter, K","Bates, S"
"Bates, S","Galloway, R"
"Smith, K","Kelly, T"
"Smith, K","Birol, G"
"Smith, K","Spiegelman, G"
"Kelly, T","Birol, G"
"Kelly, T","Spiegelman, G"
"Birol, G","Spiegelman, G"
"Smith, M","Jones, F"
"Smith, M","Wieman, C"
"Jones, F","Gilbert, S"
"Jones, F","Wieman, C"
"Gilbert, S","Wieman, C"
"Srinivasa, R","Yoon, D"
"Dodson, S","Yoon, D"
"Seo, K","Yoon, D"
"Yoon, D","Fels, S"
"Srivastava, D","Winter, M"
"Srivastava, D","Gross, L"
"Srivastava, D","Metzger, J"
"Srivastava, D","Baron, J"
"Srivastava, D","Mouquet, N"
"Srivastava, D","Meagher, T"
"Srivastava, D","Halpern, B"
"Srivastava, D","Pillar, V"
"St John, K","Lukes, L"
"Lukes, L","Mulvey, B"
"Lukes, L","Authurs, L"
"Lukes, L","Ryker, K"
"Lukes, L","LaDue, N"
"Lukes, L","van der Hoeven Kraft, K"
"Stang, J","Altiere, E"
"Stang, J","Ives, J"
"Stang, J","Dubois, P"
"Altiere, E","Ives, J"
"Ives, J","Dubois, P"
"Stang, J","Barker, M"
"Stang, J","Perez, S"
"Stang, J","Ives, J"
"Stang, J","Roll, I"
"Barker, M","Perez, S"
"Barker, M","Ives, J"
"Barker, M","Roll, I"
"Perez, S","Ives, J"
"Perez, S","Roll, I"
"Ives, J","Roll, I"
"Stang, J","Altiere, E"
"Stang, J","Egorova, Y"
"Stang, J","Ives, C"
"Stang, J","Smith, K"
"Stang, J","Stewart, J"
"Altiere, E","Smith, K"
"Altiere, E","Stewart, J"
"Egorova, Y","Smith, K"
"Egorova, Y","Stewart, J"
"Ives, C","Smith, K"
"Ives, C","Stewart, J"
"Smith, K","Stewart, J"
"Stewart, J","Dake, G"
"Stewart, J","Bertram, A"
"Stewart, J","Schafer, L"
"Stewart, J","Knox, K"
"Stewart, J","Birol, G"
"Stewart, J","Burke, S"
"Stewart, J","Underhill, C"
"Bertram, A","Schafer, L"
"Bertram, A","Knox, K"
"Bertram, A","Birol, G"
"Bertram, A","Burke, S"
"Schafer, L","Knox, K"
"Schafer, L","Birol, G"
"Schafer, L","Burke, S"
"Schafer, L","Underhill, C"
"Knox, K","Birol, G"
"Knox, K","Burke, S"
"Knox, K","Underhill, C"
"Birol, G","Burke, S"
"Birol, G","Underhill, C"
"Burke, S","Underhill, C"
"Stiller-Reeve, M","White, R"
"Heuze, C","White, R"
"Ball, W","White, R"
"White, R","Messori, G"
"White, R","van der Hoeven Kraft, K"
"White, R","Medhaug, I"
"White, R","Eckes, A"
"White, R","O'Callaghan, A"
"White, R","Newland, M"
"White, R","Williams, S"
"White, R","Kasoar, M"
"White, R","Wittmeier, H"
"White, R","Kumer, V"
"Stokes, A","Gilley, B"
"Feig, A","Gilley, B"
"Atchison, C","Gilley, B"
"Stoodley, R","Knox, K"
"Stoodley, R","Gillis, E"
"Knox, K","Gillis, E"
"Strubbe, L","Stang, J"
"Strubbe, L","Holland, T"
"Strubbe, L","Sherman, S"
"Strubbe, L","Code, W"
"Stang, J","Holland, T"
"Stang, J","Sherman, S"
"Stang, J","Code, W"
"Holland, T","Sherman, S"
"Holland, T","Code, W"
"Sherman, S","Code, W"
"Strubbe, L","Good, D"
"Strubbe, L","Zhang, J"
"Strubbe, L","White, H"
"Strubbe, L","Lepo, K"
"Strubbe, L","Code, W"
"Strubbe, L","Abotsi-Masters, S"
"Good, D","Code, W"
"Zhang, J","Code, W"
"White, H","Code, W"
"Lepo, K","Code, W"
"Code, W","Abotsi-Masters, S"
"Strubbe, L","Okere, B"
"Strubbe, L","Zhang, J"
"Strubbe, L","Chibueze, J"
"Strubbe, L","Ikape, M"
"Strubbe, L","Okouma, P"
"Strubbe, L","Ibik, A"
"Strubbe, L","White, H"
"Strubbe, L","Abotsi-Masters, S"
"Strubbe, L","Man, A"
"Strubbe, L","Webb, S"
"Okere, B","Man, A"
"Zhang, J","Man, A"
"Chibueze, J","Man, A"
"Ikape, M","Man, A"
"Okouma, P","Man, A"
"Ibik, A","Man, A"
"White, H","Man, A"
"Abotsi-Masters, S","Man, A"
"Man, A","Webb, S"
"Sun, E","Graves, M"
"Sun, E","Oliver, D"
"Graves, M","Oliver, D"
"Sun, E","Graves, M"
"Sun, E","Oliver, D"
"Graves, M","Oliver, D"
"Sun, E","Graves, M"
"Sun, E","Oliver, D"
"Huggins, J","Graves, M"
"Huggins, J","Oliver, D"
"Brown, K","Graves, M"
"Brown, K","Oliver, D"
"Boutin, R","Graves, M"
"Boutin, R","Oliver, D"
"Ramey, W","Graves, M"
"Ramey, W","Oliver, D"
"Graves, M","Oliver, D"
"Sun, E","Hallam, S"
"Sun, E","Graves, M"
"Sun, E","Oliver, D"
"Konig, S","Hallam, S"
"Konig, S","Graves, M"
"Konig, S","Oliver, D"
"Cirstea, M","Hallam, S"
"Cirstea, M","Graves, M"
"Cirstea, M","Oliver, D"
"Hallam, S","Graves, M"
"Hallam, S","Oliver, D"
"Graves, M","Oliver, D"
"Sutherland, S","Jones, F"
"Tanprasert, T","Yoon, D"
"Fels, S","Yoon, D"
"Sinnamon, L","Yoon, D"
"Tanprasert, T","Yoon, D"
"Fels, S","Yoon, D"
"Sinnamon, L","Yoon, D"
"Taylor, J","Smith, K"
"Taylor, J","Spiegelman, G"
"Smith, K","Spiegelman, G"
"Team, C","Lukes, L"
"Fortner, S","Lukes, L"
"Manduca, C","Lukes, L"
"Ali, H","Lukes, L"
"Saup, C","Lukes, L"
"Leads, D","Lukes, L"
"Nyarko, S","Lukes, L"
"Othus-Gault, S","Lukes, L"
"Perera, V","Lukes, L"
"Tong, V","Lukes, L"
"Leads, G","Lukes, L"
"Gold, A","Lukes, L"
"Furman, T","Lukes, L"
"Leads, G","Lukes, L"
"Arthurs, L","Lukes, L"
"Mulvey, B","Lukes, L"
"St John, K","Lukes, L"
"Team, D","Lukes, L"
"Singley, J","Lukes, L"
"Johnson, E","Lukes, L"
"Witter, M","Lukes, L"
"Team, G","Lukes, L"
"Batchelor, R","Lukes, L"
"Carter, D","Lukes, L"
"Damas, M","Lukes, L"
"LeMay, L","Lukes, L"
"Layou, K","Lukes, L"
"Low, R","Lukes, L"
"Wang, H","Lukes, L"
"Olson-Sawyer, K","Lukes, L"
"Pallant, A","Lukes, L"
"Ryker, K","Lukes, L"
"Team, G","Lukes, L"
"Lukes, L","LaDue, N"
"Lukes, L","Ryker, K"
"Lukes, L","van der Hoeven Kraft, K"
"Toti, G","Alipour, M"
"Toti, G","Chen, G"
"Toti, G","Gonzalez, S"
"Uhen, M","Lukes, L"
"Lukes, L","George, C"
"Lukes, L","Lockwood, R"
Van D,"Rieger, G"
"Verbert, K","Conati, C"
"De Croon, R","Conati, C"
"De Laet, T","Conati, C"
"Broos, T","Conati, C"
"Millecamp, M","Conati, C"
"Ochoa, X","Conati, C"
"Bodily, R","Conati, C"
"Kay, J","Conati, C"
"Drachsler, H","Conati, C"
"Vermette, L","McGrenere, J"
"McGrenere, J","Birge, C"
"McGrenere, J","Kelly, A"
"McGrenere, J","Chilana, P"
"Vermette, L","McGrenere, J"
"McGrenere, J","Chilana, P"
"Vermette, L","McGrenere, J"
"Ramesh, K","McGrenere, J"
"McGrenere, J","Chilana, P"
"Waked, A","Borduas-Dedekind, N"
"Demmans, K","Borduas-Dedekind, N"
"Hems, R","Borduas-Dedekind, N"
"Reyes, L","Borduas-Dedekind, N"
"Mallov, I","Borduas-Dedekind, N"
"Daley, E","Borduas-Dedekind, N"
"Hoch, L","Borduas-Dedekind, N"
"Mastronardi, M","Borduas-Dedekind, N"
"De Laet, T","Borduas-Dedekind, N"
"Borduas-Dedekind, N","Dicks, A"
"Wang, J","Rodriguez Nunez, J"
"Wang, J","Maxwell, E"
"Wang, J","Algar, W"
"Rodriguez Nunez, J","Maxwell, E"
"Rodriguez Nunez, J","Algar, W"
"Maxwell, E","Algar, W"
"Webb, A","Welsh, A"
"Weir, L","Barker, M"
"Weir, L","McDonnell, L"
"Weir, L","Schimpf, N"
"Weir, L","Rodeldla, T"
"Weir, L","Schulte, P"
"Barker, M","McDonnell, L"
"Barker, M","Schimpf, N"
"Barker, M","Rodeldla, T"
"Barker, M","Schulte, P"
"McDonnell, L","Schimpf, N"
"McDonnell, L","Rodeldla, T"
"McDonnell, L","Schulte, P"
"Schimpf, N","Rodeldla, T"
"Schimpf, N","Schulte, P"
"Rodeldla, T","Schulte, P"
"Welsh, A","Shaw, A"
"Welsh, A","Fox, J"
"Shaw, A","Fox, J"
"Welsh, A","Stewart, J"
"Whitehill, J","Seltzer, M"
"Wieman, C","Deslauriers, L"
"Wieman, C","Gilley, B"
"Deslauriers, L","Gilley, B"
"Wieman, C","Gilbert, S"
"Wieman, C","Rieger, G"
"Wieman, C","Heiner, C"
"Rieger, G","Heiner, C"
"Wieman, C","Perkins, K"
"Wieman, C","Gilbert, S"
"Wieman, C","Welsh, A"
"Wolfman, S","Lau, T"
"Wolfman, S","Domingos, P"
"Wolfman, S","Weld, D"
"Wong, R","Harder, K"
"Chen, L","Harder, K"
"Dhadwal, G","Harder, K"
"Fok, M","Harder, K"
"Harder, K","Huynh, H"
"Harder, K","Lunge, R"
"Harder, K","Mackenzie, M"
"Harder, K","Mckinney, J"
"Harder, K","Ovalle, W"
"Harder, K","Rauniyar, P"
"Harder, K","Tse, L"
"Harder, K","Villanyi, D"
"Wortzman, B","Ola, O"
"Stephens-Martinez, K","Ola, O"
"Minnes, M","Ola, O"
"Ola, O","Blank, A"
"Wright, J","Leyton-Brown, K"
"Thornton, C","Leyton-Brown, K"
"Yalvac, B","Birol, G"
"Smith, H","Birol, G"
"Hirsch, P","Birol, G"
"Yalcin, O","Conati, C"
"Lalle, S","Conati, C"
"Yang, F","Hein, J"
"Lai, V","Hein, J"
"Legard, K","Hein, J"
"Kozdras, S","Hein, J"
"Prieto, P","Hein, J"
"Grunert, S","Hein, J"
"Yazon, J","Redfield, R"
"Mayer-Smith, J","Redfield, R"
"Yoon, D","Chen, N"
"Yoon, D","Randles, B"
"Yoon, D","Cheatle, A"
"Yoon, D","Lockenhoff, C"
"Yoon, D","Jackson, S"
"Yoon, D","Sellen, A"
"Yoon, D","Guimbretiere, F"
"Yoon, D","Mitros, P"
"Zamprogno, L","Holmes, R"
"Zamprogno, L","Baniassad, E"
"Holmes, R","Baniassad, E"
"Zappa-Hollman, S","Fox, J"
"Zarkoob, H","Leyton-Brown, K"
"Abdolhosseini, F","Leyton-Brown, K"
"Zarkoob, H","Leyton-Brown, K"
"Fu, H","Leyton-Brown, K"
"Zarkoob, H","Leyton-Brown, K"
"Zarkoob, H","Leyton-Brown, K"
"d'Eon, G","Leyton-Brown, K"
"Podina, L","Leyton-Brown, K"
"Zelenika, I","Zhao, J"
"Moreau, T","Zhao, J"
"Lane, O","Zhao, J"
"Zhou, C","Poole, D"
"Kuang, D","Poole, D"
"Liu, J","Poole, D"
"Yang, H","Poole, D"
"Zhang, Z","Poole, D"
"Mackworth, A","Poole, D"
"Zumrawi, A","Bates, S"
"Bates, S","Schroeder, M"
"Oberg, G","Campbell, A"
"Oberg, G","Campbell, A"
"Oberg, G","Fox, J"
"Oberg, G","Graves, M"
"Oberg, G","Ivanochko, T"
"Oberg, G","Matsuchi, L"
"Oberg, G","Mouat, I"
"Oberg, G","Welsh, A"
"Campbell, A","Fox, J"
"Campbell, A","Graves, M"
"Campbell, A","Ivanochko, T"
"Campbell, A","Welsh, A"
"Fox, J","Graves, M"
"Fox, J","Ivanochko, T"
"Fox, J","Matsuchi, L"
"Fox, J","Mouat, I"
"Fox, J","Welsh, A"
"Graves, M","Ivanochko, T"
"Graves, M","Matsuchi, L"
"Graves, M","Mouat, I"
"Graves, M","Welsh, A"
"Ivanochko, T","Matsuchi, L"
"Ivanochko, T","Mouat, I"
"Ivanochko, T","Welsh, A"
"Matsuchi, L","Welsh, A"
"Mouat, I","Welsh, A"
